#Note:; Temperature:25Â°C
#f[Hz] Re(Z/Zc) Im(Z/Zc)
20 3.72150096e-3 2.55765640e-2
20.5 3.75756974e-3 2.61854010e-2
21 3.79324208e-3 2.67939291e-2
21.5 3.82853257e-3 2.74021733e-2
22 3.86345505e-3 2.80101571e-2
22.5 3.89802264e-3 2.86179028e-2
23 3.93224780e-3 2.92254316e-2
23.5 3.96614236e-3 2.98327636e-2
24 3.99971756e-3 3.04399181e-2
24.5 4.03298407e-3 3.10469133e-2
25 4.06595207e-3 3.16537668e-2
25.5 4.09863121e-3 3.22604955e-2
26 4.13103071e-3 3.28671155e-2
26.5 4.16315934e-3 3.34736425e-2
27 4.19502549e-3 3.40800915e-2
27.5 4.22663713e-3 3.46864769e-2
28 4.25800191e-3 3.52928130e-2
28.5 4.28912714e-3 3.58991133e-2
29 4.32001980e-3 3.65053911e-2
29.5 4.35068660e-3 3.71116593e-2
30 4.38113395e-3 3.77179304e-2
30.5 4.41136802e-3 3.83242166e-2
31 4.44139472e-3 3.89305300e-2
31.5 4.47121973e-3 3.95368821e-2
32 4.50084854e-3 4.01432843e-2
32.5 4.53028641e-3 4.07497479e-2
33 4.55953840e-3 4.13562837e-2
33.5 4.58860940e-3 4.19629027e-2
34 4.61750415e-3 4.25696152e-2
34.5 4.64622719e-3 4.31764317e-2
35 4.67478293e-3 4.37833624e-2
35.5 4.70317561e-3 4.43904174e-2
36 4.73140936e-3 4.49976066e-2
36.5 4.75948817e-3 4.56049397e-2
37 4.78741590e-3 4.62124265e-2
37.5 4.81519628e-3 4.68200764e-2
38 4.84283296e-3 4.74278988e-2
38.5 4.87032945e-3 4.80359032e-2
39 4.89768917e-3 4.86440986e-2
39.5 4.92491545e-3 4.92524943e-2
40 4.95201152e-3 4.98610993e-2
40.5 4.97898053e-3 5.04699225e-2
41 5.00582552e-3 5.10789729e-2
41.5 5.03254948e-3 5.16882592e-2
42 5.05915530e-3 5.22977903e-2
42.5 5.08564581e-3 5.29075749e-2
43 5.11202377e-3 5.35176216e-2
43.5 5.13829187e-3 5.41279390e-2
44 5.16445272e-3 5.47385358e-2
44.5 5.19050889e-3 5.53494203e-2
45 5.21646287e-3 5.59606012e-2
45.5 5.24231712e-3 5.65720869e-2
46 5.26807401e-3 5.71838858e-2
46.5 5.29373589e-3 5.77960063e-2
47 5.31930503e-3 5.84084569e-2
47.5 5.34478369e-3 5.90212458e-2
48 5.37017404e-3 5.96343814e-2
48.5 5.39547823e-3 6.02478722e-2
49 5.42069837e-3 6.08617263e-2
49.5 5.44583651e-3 6.14759521e-2
50 5.47089468e-3 6.20905580e-2
50.5 5.49587486e-3 6.27055523e-2
51 5.52077899e-3 6.33209432e-2
51.5 5.54560898e-3 6.39367392e-2
52 5.57036672e-3 6.45529485e-2
52.5 5.59505405e-3 6.51695795e-2
53 5.61967277e-3 6.57866405e-2
53.5 5.64422467e-3 6.64041400e-2
54 5.66871150e-3 6.70220862e-2
54.5 5.69313499e-3 6.76404876e-2
55 5.71749683e-3 6.82593526e-2
55.5 5.74179869e-3 6.88786897e-2
56 5.76604223e-3 6.94985073e-2
56.5 5.79022906e-3 7.01188139e-2
57 5.81436079e-3 7.07396180e-2
57.5 5.83843898e-3 7.13609283e-2
58 5.86246520e-3 7.19827532e-2
58.5 5.88644099e-3 7.26051014e-2
59 5.91036785e-3 7.32279817e-2
59.5 5.93424729e-3 7.38514026e-2
60 5.95808078e-3 7.44753729e-2
60.5 5.98186979e-3 7.50999014e-2
61 6.00561575e-3 7.57249969e-2
61.5 6.02932011e-3 7.63506684e-2
62 6.05298427e-3 7.69769247e-2
62.5 6.07660963e-3 7.76037748e-2
63 6.10019758e-3 7.82312278e-2
63.5 6.12374948e-3 7.88592927e-2
64 6.14726670e-3 7.94879786e-2
64.5 6.17075059e-3 8.01172949e-2
65 6.19420248e-3 8.07472506e-2
65.5 6.21762369e-3 8.13778552e-2
66 6.24101553e-3 8.20091181e-2
66.5 6.26437933e-3 8.26410487e-2
67 6.28771635e-3 8.32736564e-2
67.5 6.31102790e-3 8.39069510e-2
68 6.33431526e-3 8.45409421e-2
68.5 6.35757968e-3 8.51756393e-2
69 6.38082244e-3 8.58110526e-2
69.5 6.40404478e-3 8.64471918e-2
70 6.42724797e-3 8.70840669e-2
70.5 6.45043324e-3 8.77216880e-2
71 6.47360182e-3 8.83600651e-2
71.5 6.49675497e-3 8.89992086e-2
72 6.51989389e-3 8.96391287e-2
72.5 6.54301983e-3 9.02798358e-2
73 6.56613399e-3 9.09213405e-2
73.5 6.58923760e-3 9.15636533e-2
74 6.61233188e-3 9.22067849e-2
74.5 6.63541803e-3 9.28507461e-2
75 6.65849727e-3 9.34955478e-2
75.5 6.68157080e-3 9.41412011e-2
76 6.70463984e-3 9.47877169e-2
76.5 6.72770559e-3 9.54351066e-2
77 6.75076927e-3 9.60833814e-2
77.5 6.77383207e-3 9.67325527e-2
78 6.79689521e-3 9.73826322e-2
78.5 6.81995989e-3 9.80336315e-2
79 6.84302734e-3 9.86855625e-2
79.5 6.86609875e-3 9.93384369e-2
80 6.88917535e-3 9.99922668e-2
80.5 6.91225835e-3 1.00647065e-1
81 6.93534898e-3 1.01302842e-1
81.5 6.95844845e-3 1.01959612e-1
82 6.98155800e-3 1.02617388e-1
82.5 7.00467885e-3 1.03276181e-1
83 7.02781224e-3 1.03936004e-1
83.5 7.05095943e-3 1.04596872e-1
84 7.07412164e-3 1.05258796e-1
84.5 7.09730014e-3 1.05921790e-1
85 7.12049618e-3 1.06585868e-1
85.5 7.14371103e-3 1.07251043e-1
86 7.16694596e-3 1.07917328e-1
86.5 7.19020226e-3 1.08584739e-1
87 7.21348121e-3 1.09253289e-1
87.5 7.23678412e-3 1.09922992e-1
88 7.26011227e-3 1.10593863e-1
88.5 7.28346700e-3 1.11265917e-1
89 7.30684963e-3 1.11939167e-1
89.5 7.33026149e-3 1.12613630e-1
90 7.35370393e-3 1.13289321e-1
90.5 7.37717830e-3 1.13966254e-1
91 7.40068598e-3 1.14644446e-1
91.5 7.42422835e-3 1.15323912e-1
92 7.44780680e-3 1.16004669e-1
92.5 7.47142274e-3 1.16686732e-1
93 7.49507758e-3 1.17370117e-1
93.5 7.51877277e-3 1.18054843e-1
94 7.54250976e-3 1.18740925e-1
94.5 7.56629001e-3 1.19428381e-1
95 7.59011499e-3 1.20117228e-1
95.5 7.61398622e-3 1.20807483e-1
96 7.63790519e-3 1.21499164e-1
96.5 7.66187346e-3 1.22192291e-1
97 7.68589256e-3 1.22886879e-1
97.5 7.70996406e-3 1.23582950e-1
98 7.73408955e-3 1.24280520e-1
98.5 7.75827065e-3 1.24979610e-1
99 7.78250898e-3 1.25680239e-1
99.5 7.80680619e-3 1.26382426e-1
100 7.83116395e-3 1.27086191e-1
100.5 7.85558396e-3 1.27791556e-1
101 7.88006795e-3 1.28498539e-1
101.5 7.90461764e-3 1.29207163e-1
102 7.92923481e-3 1.29917448e-1
102.5 7.95392126e-3 1.30629416e-1
103 7.97867880e-3 1.31343088e-1
103.5 8.00350928e-3 1.32058488e-1
104 8.02841457e-3 1.32775636e-1
104.5 8.05339659e-3 1.33494558e-1
105 8.07845727e-3 1.34215274e-1
105.5 8.10359857e-3 1.34937810e-1
106 8.12882249e-3 1.35662189e-1
106.5 8.15413106e-3 1.36388435e-1
107 8.17952634e-3 1.37116573e-1
107.5 8.20501043e-3 1.37846629e-1
108 8.23058546e-3 1.38578627e-1
108.5 8.25625362e-3 1.39312594e-1
109 8.28201709e-3 1.40048556e-1
109.5 8.30787814e-3 1.40786541e-1
110 8.33383905e-3 1.41526574e-1
110.5 8.35990214e-3 1.42268685e-1
111 8.38606980e-3 1.43012900e-1
111.5 8.41234442e-3 1.43759250e-1
112 8.43872848e-3 1.44507763e-1
112.5 8.46522449e-3 1.45258468e-1
113 8.49183498e-3 1.46011396e-1
113.5 8.51856258e-3 1.46766577e-1
114 8.54540993e-3 1.47524044e-1
114.5 8.57237973e-3 1.48283827e-1
115 8.59947476e-3 1.49045958e-1
115.5 8.62669782e-3 1.49810472e-1
116 8.65405178e-3 1.50577401e-1
116.5 8.68153959e-3 1.51346779e-1
117 8.70916422e-3 1.52118642e-1
117.5 8.73692874e-3 1.52893024e-1
118 8.76483626e-3 1.53669962e-1
118.5 8.79288997e-3 1.54449491e-1
119 8.82109312e-3 1.55231651e-1
119.5 8.84944903e-3 1.56016478e-1
120 8.87796109e-3 1.56804011e-1
120.5 8.90663278e-3 1.57594291e-1
121 8.93546765e-3 1.58387356e-1
121.5 8.96446932e-3 1.59183249e-1
122 8.99364149e-3 1.59982010e-1
122.5 9.02298796e-3 1.60783684e-1
123 9.05251262e-3 1.61588312e-1
123.5 9.08221941e-3 1.62395940e-1
124 9.11211242e-3 1.63206612e-1
124.5 9.14219580e-3 1.64020375e-1
125 9.17247379e-3 1.64837276e-1
125.5 9.20295076e-3 1.65657362e-1
126 9.23363117e-3 1.66480682e-1
126.5 9.26451959e-3 1.67307287e-1
127 9.29562070e-3 1.68137228e-1
127.5 9.32693930e-3 1.68970556e-1
128 9.35848030e-3 1.69807324e-1
128.5 9.39024874e-3 1.70647586e-1
129 9.42224979e-3 1.71491399e-1
129.5 9.45448874e-3 1.72338818e-1
130 9.48697103e-3 1.73189901e-1
130.5 9.51970223e-3 1.74044706e-1
131 9.55268806e-3 1.74903295e-1
131.5 9.58593439e-3 1.75765728e-1
132 9.61944724e-3 1.76632069e-1
132.5 9.65323278e-3 1.77502381e-1
133 9.68729738e-3 1.78376731e-1
133.5 9.72164754e-3 1.79255184e-1
134 9.75628997e-3 1.80137811e-1
134.5 9.79123154e-3 1.81024680e-1
135 9.82647932e-3 1.81915864e-1
135.5 9.86204058e-3 1.82811436e-1
136 9.89792279e-3 1.83711471e-1
136.5 9.93413363e-3 1.84616046e-1
137 9.97068100e-3 1.85525239e-1
137.5 1.00075730e-2 1.86439130e-1
138 1.00448180e-2 1.87357803e-1
138.5 1.00824247e-2 1.88281341e-1
139 1.01204018e-2 1.89209830e-1
139.5 1.01587584e-2 1.90143359e-1
140 1.01975041e-2 1.91082018e-1
140.5 1.02366483e-2 1.92025900e-1
141 1.02762012e-2 1.92975099e-1
141.5 1.03161728e-2 1.93929714e-1
142 1.03565739e-2 1.94889843e-1
142.5 1.03974153e-2 1.95855590e-1
143 1.04387082e-2 1.96827058e-1
143.5 1.04804643e-2 1.97804355e-1
144 1.05226954e-2 1.98787591e-1
144.5 1.05654140e-2 1.99776880e-1
145 1.06086327e-2 2.00772336e-1
145.5 1.06523647e-2 2.01774080e-1
146 1.06966235e-2 2.02782234e-1
146.5 1.07414231e-2 2.03796922e-1
147 1.07867780e-2 2.04818273e-1
147.5 1.08327032e-2 2.05846420e-1
148 1.08792141e-2 2.06881498e-1
148.5 1.09263267e-2 2.07923647e-1
149 1.09740574e-2 2.08973009e-1
149.5 1.10224234e-2 2.10029732e-1
150 1.10714423e-2 2.11093968e-1
150.5 1.11211324e-2 2.12165872e-1
151 1.11715127e-2 2.13245604e-1
151.5 1.12226026e-2 2.14333328e-1
152 1.12744225e-2 2.15429214e-1
152.5 1.13269934e-2 2.16533436e-1
153 1.13803371e-2 2.17646173e-1
153.5 1.14344762e-2 2.18767610e-1
154 1.14894340e-2 2.19897936e-1
154.5 1.15452347e-2 2.21037348e-1
155 1.16019037e-2 2.22186047e-1
155.5 1.16594669e-2 2.23344240e-1
156 1.17179516e-2 2.24512142e-1
156.5 1.17773858e-2 2.25689973e-1
157 1.18377988e-2 2.26877961e-1
157.5 1.18992210e-2 2.28076340e-1
158 1.19616839e-2 2.29285353e-1
158.5 1.20252203e-2 2.30505249e-1
159 1.20898644e-2 2.31736285e-1
159.5 1.21556517e-2 2.32978729e-1
160 1.22226191e-2 2.34232855e-1
160.5 1.22908050e-2 2.35498946e-1
161 1.23602496e-2 2.36777296e-1
161.5 1.24309946e-2 2.38068209e-1
162 1.25030834e-2 2.39371997e-1
162.5 1.25765613e-2 2.40688985e-1
163 1.26514757e-2 2.42019508e-1
163.5 1.27278757e-2 2.43363913e-1
164 1.28058130e-2 2.44722558e-1
164.5 1.28853412e-2 2.46095817e-1
165 1.29665165e-2 2.47484073e-1
165.5 1.30493974e-2 2.48887725e-1
166 1.31340453e-2 2.50307188e-1
166.5 1.32205242e-2 2.51742889e-1
167 1.33089013e-2 2.53195273e-1
167.5 1.33992468e-2 2.54664801e-1
168 1.34916340e-2 2.56151951e-1
168.5 1.35861401e-2 2.57657221e-1
169 1.36828456e-2 2.59181125e-1
169.5 1.37818353e-2 2.60724200e-1
170 1.38831977e-2 2.62287003e-1
170.5 1.39870262e-2 2.63870112e-1
171 1.40934185e-2 2.65474131e-1
171.5 1.42024774e-2 2.67099684e-1
172 1.43143108e-2 2.68747425e-1
172.5 1.44290323e-2 2.70418033e-1
173 1.45467615e-2 2.72112215e-1
173.5 1.46676242e-2 2.73830708e-1
174 1.47917529e-2 2.75574281e-1
174.5 1.49192872e-2 2.77343736e-1
175 1.50503745e-2 2.79139910e-1
175.5 1.51851702e-2 2.80963677e-1
176 1.53238385e-2 2.82815949e-1
176.5 1.54665525e-2 2.84697680e-1
177 1.56134958e-2 2.86609868e-1
177.5 1.57648619e-2 2.88553555e-1
178 1.59208563e-2 2.90529834e-1
178.5 1.60816961e-2 2.92539848e-1
179 1.62476119e-2 2.94584796e-1
179.5 1.64188478e-2 2.96665933e-1
180 1.65956632e-2 2.98784577e-1
180.5 1.67783337e-2 3.00942111e-1
181 1.69671520e-2 3.03139988e-1
181.5 1.71624297e-2 3.05379732e-1
182 1.73644984e-2 3.07662949e-1
182.5 1.75737115e-2 3.09991327e-1
183 1.77904459e-2 3.12366643e-1
183.5 1.80151038e-2 3.14790770e-1
184 1.82481150e-2 3.17265681e-1
184.5 1.84899388e-2 3.19793460e-1
185 1.87410671e-2 3.22376304e-1
185.5 1.90020264e-2 3.25016537e-1
186 1.92733816e-2 3.27716614e-1
186.5 1.95557390e-2 3.30479136e-1
187 1.98497498e-2 3.33306852e-1
187.5 2.01561147e-2 3.36202682e-1
188 2.04755880e-2 3.39169718e-1
188.5 2.08089829e-2 3.42211246e-1
189 2.11571770e-2 3.45330757e-1
189.5 2.15211187e-2 3.48531964e-1
190 2.19018338e-2 3.51818820e-1
190.5 2.23004337e-2 3.55195537e-1
191 2.27181235e-2 3.58666610e-1
191.5 2.31562126e-2 3.62236838e-1
192 2.36161247e-2 3.65911350e-1
192.5 2.40994107e-2 3.69695637e-1
193 2.46077624e-2 3.73595583e-1
193.5 2.51430282e-2 3.77617497e-1
194 2.57072305e-2 3.81768156e-1
194.5 2.63025863e-2 3.86054850e-1
195 2.69315298e-2 3.90485426e-1
195.5 2.75967384e-2 3.95068346e-1
196 2.83011629e-2 3.99812748e-1
196.5 2.90480609e-2 4.04728511e-1
197 2.98410368e-2 4.09826336e-1
197.5 3.06840865e-2 4.15117828e-1
198 3.15816495e-2 4.20615596e-1
198.5 3.25386698e-2 4.26333361e-1
199 3.35606658e-2 4.32286083e-1
199.5 3.46538124e-2 4.38490097e-1
200 3.58250369e-2 4.44963281e-1
200.5 3.70821317e-2 4.51725232e-1
201 3.84338866e-2 4.58797484e-1
201.5 3.98902468e-2 4.66203741e-1
202 4.14624983e-2 4.73970162e-1
202.5 4.31634917e-2 4.82125678e-1
203 4.50079083e-2 4.90702363e-1
203.5 4.70125817e-2 4.99735868e-1
204 4.91968866e-2 5.09265923e-1
204.5 5.15832117e-2 5.19336926e-1
205 5.41975382e-2 5.29998634e-1
205.5 5.70701510e-2 5.41306979e-1
206 6.02365197e-2 5.53325027e-1
206.5 6.37383947e-2 5.66124126e-1
207 6.76251831e-2 5.79785260e-1
207.5 7.19556852e-2 5.94400682e-1
208 7.68003058e-2 6.10075857e-1
208.5 8.22438909e-2 6.26931810e-1
209 8.83893991e-2 6.45107954e-1
209.5 9.53626963e-2 6.64765502e-1
210 1.03318880e-1 6.86091598e-1
210.5 1.12450706e-1 7.09304302e-1
211 1.22999941e-1 7.34658591e-1
211.5 1.35272839e-1 7.62453507e-1
212 1.49661495e-1 7.93040559e-1
212.5 1.66673710e-1 8.26833281e-1
213 1.86975299e-1 8.64317478e-1
213.5 2.11450921e-1 9.06060837e-1
214 2.41292736e-1 9.52718714e-1
214.5 2.78131402e-1 1.00502907e+0
215 3.24231942e-1 1.06378129e+0
215.5 3.82788882e-1 1.12972616e+0
216 4.58370652e-1 1.20335714e+0
216.5 5.57575844e-1 1.28441262e+0
217 6.89942229e-1 1.37077962e+0
217.5 8.68976770e-1 1.45613833e+0
218 1.11247327e+0 1.52511677e+0
218.5 1.43903759e+0 1.54435564e+0
219 1.85241659e+0 1.45074414e+0
219.5 2.30117405e+0 1.15410517e+0
220 2.63283789e+0 6.02776421e-1
220.5 2.65828436e+0 -9.02299392e-2
221 2.35814621e+0 -6.75641862e-1
221.5 1.90951545e+0 -1.00855053e+0
222 1.48118426e+0 -1.12325115e+0
222.5 1.13860421e+0 -1.11185581e+0
223 8.82777093e-1 -1.04358170e+0
223.5 6.95307954e-1 -9.55937531e-1
224 5.57453809e-1 -8.66363311e-1
224.5 4.54768441e-1 -7.82065621e-1
225 3.77024756e-1 -7.05486285e-1
225.5 3.17162441e-1 -6.36974486e-1
226 2.70313087e-1 -5.76027994e-1
226.5 2.33088527e-1 -5.21853809e-1
227 2.03098258e-1 -4.73613144e-1
227.5 1.78629634e-1 -4.30521526e-1
228 1.58436418e-1 -3.91883245e-1
228.5 1.41597946e-1 -3.57096882e-1
229 1.27424234e-1 -3.25648909e-1
229.5 1.15391163e-1 -2.97103182e-1
230 1.05095571e-1 -2.71089784e-1
230.5 9.62236957e-2 -2.47294673e-1
231 8.85286917e-2 -2.25450614e-1
231.5 8.18143959e-2 -2.05329489e-1
232 7.59234615e-2 -1.86735863e-1
232.5 7.07285779e-2 -1.69501653e-1
233 6.61259032e-2 -1.53481733e-1
233.5 6.20300996e-2 -1.38550293e-1
234 5.83705422e-2 -1.24597847e-1
234.5 5.50883985e-2 -1.11528747e-1
235 5.21343575e-2 -9.92591245e-2
235.5 4.94668503e-2 -8.77151741e-2
236 4.70506450e-2 -7.68317235e-2
236.5 4.48557277e-2 -6.65510316e-2
237 4.28564078e-2 -5.68217784e-2
237.5 4.10305948e-2 -4.75982110e-2
238 3.93592130e-2 -3.88394212e-2
238.5 3.78257232e-2 -3.05087293e-2
239 3.64157305e-2 -2.25731591e-2
239.5 3.51166602e-2 -1.50029877e-2
240 3.39174904e-2 -7.77135837e-3
240.5 3.28085279e-2 -8.53947312e-4
241 3.17812217e-2 5.77132547e-3
241.5 3.08280055e-2 1.21245465e-2
242 2.99421658e-2 1.82240267e-2
242.5 2.91177292e-2 2.40864922e-2
243 2.83493670e-2 2.97272503e-2
243.5 2.76323141e-2 3.51603360e-2
244 2.69622988e-2 4.03986405e-2
244.5 2.63354835e-2 4.54540248e-2
245 2.57484126e-2 5.03374198e-2
245.5 2.51979681e-2 5.50589153e-2
246 2.46813310e-2 5.96278391e-2
246.5 2.41959477e-2 6.40528269e-2
247 2.37395006e-2 6.83418854e-2
247.5 2.33098823e-2 7.25024481e-2
248 2.29051737e-2 7.65414256e-2
248.5 2.25236239e-2 8.04652506e-2
249 2.21636331e-2 8.42799183e-2
249.5 2.18237370e-2 8.79910232e-2
250 2.15025937e-2 9.16037914e-2
250.5 2.11989712e-2 9.51231108e-2
251 2.09117374e-2 9.85535580e-2
251.5 2.06398500e-2 1.01899422e-1
252 2.03823487e-2 1.05164728e-1
252.5 2.01383470e-2 1.08353255e-1
253 1.99070260e-2 1.11468557e-1
253.5 1.96876283e-2 1.14513977e-1
254 1.94794522e-2 1.17492664e-1
254.5 1.92818474e-2 1.20407586e-1
255 1.90942102e-2 1.23261545e-1
255.5 1.89159796e-2 1.26057185e-1
256 1.87466340e-2 1.28797005e-1
256.5 1.85856876e-2 1.31483369e-1
257 1.84326880e-2 1.34118515e-1
257.5 1.82872127e-2 1.36704563e-1
258 1.81488678e-2 1.39243522e-1
258.5 1.80172849e-2 1.41737297e-1
259 1.78921195e-2 1.44187700e-1
259.5 1.77730492e-2 1.46596449e-1
260 1.76597719e-2 1.48965177e-1
260.5 1.75520044e-2 1.51295441e-1
261 1.74494810e-2 1.53588719e-1
261.5 1.73519522e-2 1.55846422e-1
262 1.72591836e-2 1.58069891e-1
262.5 1.71709547e-2 1.60260410e-1
263 1.70870581e-2 1.62419198e-1
263.5 1.70072985e-2 1.64547425e-1
264 1.69314919e-2 1.66646205e-1
264.5 1.68594647e-2 1.68716603e-1
265 1.67910532e-2 1.70759639e-1
265.5 1.67261030e-2 1.72776288e-1
266 1.66644681e-2 1.74767484e-1
266.5 1.66060106e-2 1.76734121e-1
267 1.65506000e-2 1.78677055e-1
267.5 1.64981130e-2 1.80597110e-1
268 1.64484328e-2 1.82495074e-1
268.5 1.64014487e-2 1.84371702e-1
269 1.63570560e-2 1.86227723e-1
269.5 1.63151552e-2 1.88063833e-1
270 1.62756522e-2 1.89880704e-1
270.5 1.62384574e-2 1.91678982e-1
271 1.62034861e-2 1.93459287e-1
271.5 1.61706576e-2 1.95222216e-1
272 1.61398953e-2 1.96968346e-1
272.5 1.61111263e-2 1.98698229e-1
273 1.60842815e-2 2.00412400e-1
273.5 1.60592951e-2 2.02111374e-1
274 1.60361043e-2 2.03795647e-1
274.5 1.60146496e-2 2.05465700e-1
275 1.59948742e-2 2.07121994e-1
275.5 1.59767239e-2 2.08764976e-1
276 1.59601473e-2 2.10395078e-1
276.5 1.59450952e-2 2.12012718e-1
277 1.59315208e-2 2.13618297e-1
277.5 1.59193795e-2 2.15212208e-1
278 1.59086287e-2 2.16794827e-1
278.5 1.58992278e-2 2.18366520e-1
279 1.58911381e-2 2.19927640e-1
279.5 1.58843224e-2 2.21478531e-1
280 1.58787456e-2 2.23019525e-1
280.5 1.58743739e-2 2.24550945e-1
281 1.58711751e-2 2.26073102e-1
281.5 1.58691185e-2 2.27586301e-1
282 1.58681746e-2 2.29090834e-1
282.5 1.58683156e-2 2.30586989e-1
283 1.58695144e-2 2.32075043e-1
283.5 1.58717456e-2 2.33555265e-1
284 1.58749847e-2 2.35027918e-1
284.5 1.58792082e-2 2.36493256e-1
285 1.58843940e-2 2.37951529e-1
285.5 1.58905205e-2 2.39402976e-1
286 1.58975676e-2 2.40847834e-1
286.5 1.59055156e-2 2.42286330e-1
287 1.59143460e-2 2.43718689e-1
287.5 1.59240410e-2 2.45145127e-1
288 1.59345836e-2 2.46565857e-1
288.5 1.59459577e-2 2.47981085e-1
289 1.59581477e-2 2.49391012e-1
289.5 1.59711390e-2 2.50795835e-1
290 1.59849175e-2 2.52195748e-1
290.5 1.59994697e-2 2.53590936e-1
291 1.60147828e-2 2.54981585e-1
291.5 1.60308446e-2 2.56367873e-1
292 1.60476436e-2 2.57749975e-1
292.5 1.60651686e-2 2.59128064e-1
293 1.60834092e-2 2.60502306e-1
293.5 1.61023553e-2 2.61872867e-1
294 1.61219975e-2 2.63239907e-1
294.5 1.61423267e-2 2.64603585e-1
295 1.61633344e-2 2.65964054e-1
295.5 1.61850125e-2 2.67321467e-1
296 1.62073533e-2 2.68675972e-1
296.5 1.62303496e-2 2.70027715e-1
297 1.62539946e-2 2.71376839e-1
297.5 1.62782818e-2 2.72723486e-1
298 1.63032052e-2 2.74067793e-1
298.5 1.63287591e-2 2.75409896e-1
299 1.63549382e-2 2.76749930e-1
299.5 1.63817375e-2 2.78088024e-1
300 1.64091524e-2 2.79424310e-1
300.5 1.64371786e-2 2.80758913e-1
301 1.64658122e-2 2.82091960e-1
301.5 1.64950494e-2 2.83423574e-1
302 1.65248870e-2 2.84753877e-1
302.5 1.65553218e-2 2.86082989e-1
303 1.65863512e-2 2.87411028e-1
303.5 1.66179727e-2 2.88738112e-1
304 1.66501840e-2 2.90064356e-1
304.5 1.66829833e-2 2.91389874e-1
305 1.67163689e-2 2.92714779e-1
305.5 1.67503395e-2 2.94039182e-1
306 1.67848939e-2 2.95363193e-1
306.5 1.68200313e-2 2.96686921e-1
307 1.68557509e-2 2.98010475e-1
307.5 1.68920526e-2 2.99333961e-1
308 1.69289361e-2 3.00657485e-1
308.5 1.69664015e-2 3.01981152e-1
309 1.70044492e-2 3.03305066e-1
309.5 1.70430797e-2 3.04629330e-1
310 1.70822939e-2 3.05954046e-1
310.5 1.71220929e-2 3.07279317e-1
311 1.71624777e-2 3.08605243e-1
311.5 1.72034501e-2 3.09931925e-1
312 1.72450115e-2 3.11259462e-1
312.5 1.72871641e-2 3.12587954e-1
313 1.73299099e-2 3.13917499e-1
313.5 1.73732512e-2 3.15248195e-1
314 1.74171907e-2 3.16580140e-1
314.5 1.74617312e-2 3.17913433e-1
315 1.75068756e-2 3.19248168e-1
315.5 1.75526272e-2 3.20584445e-1
316 1.75989895e-2 3.21922359e-1
316.5 1.76459660e-2 3.23262005e-1
317 1.76935607e-2 3.24603482e-1
317.5 1.77417776e-2 3.25946884e-1
318 1.77906211e-2 3.27292308e-1
318.5 1.78400957e-2 3.28639849e-1
319 1.78902061e-2 3.29989603e-1
319.5 1.79409572e-2 3.31341666e-1
320 1.79923543e-2 3.32696134e-1
320.5 1.80444028e-2 3.34053104e-1
321 1.80971082e-2 3.35412670e-1
321.5 1.81504765e-2 3.36774930e-1
322 1.82045137e-2 3.38139981e-1
322.5 1.82592261e-2 3.39507918e-1
323 1.83146203e-2 3.40878839e-1
323.5 1.83707030e-2 3.42252841e-1
324 1.84274812e-2 3.43630022e-1
324.5 1.84849623e-2 3.45010481e-1
325 1.85431537e-2 3.46394315e-1
325.5 1.86020631e-2 3.47781624e-1
326 1.86616985e-2 3.49172507e-1
326.5 1.87220682e-2 3.50567065e-1
327 1.87831808e-2 3.51965397e-1
327.5 1.88450449e-2 3.53367606e-1
328 1.89076696e-2 3.54773794e-1
328.5 1.89710642e-2 3.56184062e-1
329 1.90352382e-2 3.57598514e-1
329.5 1.91002017e-2 3.59017255e-1
330 1.91659646e-2 3.60440390e-1
330.5 1.92325375e-2 3.61868023e-1
331 1.92999310e-2 3.63300262e-1
331.5 1.93681562e-2 3.64737215e-1
332 1.94372245e-2 3.66178990e-1
332.5 1.95071475e-2 3.67625697e-1
333 1.95779372e-2 3.69077446e-1
333.5 1.96496059e-2 3.70534349e-1
334 1.97221663e-2 3.71996520e-1
334.5 1.97956313e-2 3.73464072e-1
335 1.98700142e-2 3.74937120e-1
335.5 1.99453289e-2 3.76415783e-1
336 2.00215893e-2 3.77900176e-1
336.5 2.00988099e-2 3.79390420e-1
337 2.01770055e-2 3.80886636e-1
337.5 2.02561914e-2 3.82388946e-1
338 2.03363831e-2 3.83897474e-1
338.5 2.04175967e-2 3.85412344e-1
339 2.04998487e-2 3.86933685e-1
339.5 2.05831559e-2 3.88461625e-1
340 2.06675358e-2 3.89996294e-1
340.5 2.07530060e-2 3.91537824e-1
341 2.08395849e-2 3.93086350e-1
341.5 2.09272913e-2 3.94642009e-1
342 2.10161443e-2 3.96204936e-1
342.5 2.11061638e-2 3.97775274e-1
343 2.11973700e-2 3.99353163e-1
343.5 2.12897837e-2 4.00938749e-1
344 2.13834264e-2 4.02532178e-1
344.5 2.14783198e-2 4.04133598e-1
345 2.15744867e-2 4.05743161e-1
345.5 2.16719500e-2 4.07361021e-1
346 2.17707336e-2 4.08987334e-1
346.5 2.18708617e-2 4.10622257e-1
347 2.19723595e-2 4.12265954e-1
347.5 2.20752525e-2 4.13918588e-1
348 2.21795674e-2 4.15580326e-1
348.5 2.22853310e-2 4.17251338e-1
349 2.23925713e-2 4.18931797e-1
349.5 2.25013170e-2 4.20621878e-1
350 2.26115972e-2 4.22321762e-1
350.5 2.27234424e-2 4.24031630e-1
351 2.28368834e-2 4.25751669e-1
351.5 2.29519522e-2 4.27482068e-1
352 2.30686816e-2 4.29223019e-1
352.5 2.31871052e-2 4.30974719e-1
353 2.33072576e-2 4.32737368e-1
353.5 2.34291744e-2 4.34511172e-1
354 2.35528923e-2 4.36296337e-1
354.5 2.36784488e-2 4.38093077e-1
355 2.38058827e-2 4.39901608e-1
355.5 2.39352337e-2 4.41722151e-1
356 2.40665429e-2 4.43554932e-1
356.5 2.41998523e-2 4.45400181e-1
357 2.43352054e-2 4.47258133e-1
357.5 2.44726467e-2 4.49129028e-1
358 2.46122221e-2 4.51013111e-1
358.5 2.47539790e-2 4.52910633e-1
359 2.48979661e-2 4.54821849e-1
359.5 2.50442333e-2 4.56747021e-1
360 2.51928325e-2 4.58686415e-1
360.5 2.53438166e-2 4.60640305e-1
361 2.54972406e-2 4.62608970e-1
361.5 2.56531609e-2 4.64592696e-1
362 2.58116356e-2 4.66591773e-1
362.5 2.59727248e-2 4.68606502e-1
363 2.61364901e-2 4.70637187e-1
363.5 2.63029954e-2 4.72684141e-1
364 2.64723064e-2 4.74747684e-1
364.5 2.66444909e-2 4.76828144e-1
365 2.68196188e-2 4.78925857e-1
365.5 2.69977623e-2 4.81041165e-1
366 2.71789959e-2 4.83174422e-1
366.5 2.73633965e-2 4.85325987e-1
367 2.75510434e-2 4.87496230e-1
367.5 2.77420186e-2 4.89685529e-1
368 2.79364067e-2 4.91894274e-1
368.5 2.81342954e-2 4.94122862e-1
369 2.83357748e-2 4.96371701e-1
369.5 2.85409384e-2 4.98641211e-1
370 2.87498827e-2 5.00931820e-1
370.5 2.89627077e-2 5.03243970e-1
371 2.91795164e-2 5.05578113e-1
371.5 2.94004157e-2 5.07934713e-1
372 2.96255162e-2 5.10314248e-1
372.5 2.98549320e-2 5.12717208e-1
373 3.00887815e-2 5.15144095e-1
373.5 3.03271874e-2 5.17595427e-1
374 3.05702765e-2 5.20071734e-1
374.5 3.08181803e-2 5.22573563e-1
375 3.10710349e-2 5.25101476e-1
375.5 3.13289815e-2 5.27656049e-1
376 3.15921665e-2 5.30237877e-1
376.5 3.18607416e-2 5.32847571e-1
377 3.21348642e-2 5.35485758e-1
377.5 3.24146976e-2 5.38153086e-1
378 3.27004112e-2 5.40850222e-1
378.5 3.29921809e-2 5.43577851e-1
379 3.32901894e-2 5.46336679e-1
379.5 3.35946263e-2 5.49127435e-1
380 3.39056889e-2 5.51950868e-1
380.5 3.42235818e-2 5.54807752e-1
381 3.45485180e-2 5.57698883e-1
381.5 3.48807190e-2 5.60625083e-1
382 3.52204152e-2 5.63587201e-1
382.5 3.55678460e-2 5.66586111e-1
383 3.59232611e-2 5.69622715e-1
383.5 3.62869202e-2 5.72697945e-1
384 3.66590937e-2 5.75812765e-1
384.5 3.70400637e-2 5.78968167e-1
385 3.74301238e-2 5.82165179e-1
385.5 3.78295804e-2 5.85404861e-1
386 3.82387530e-2 5.88688310e-1
386.5 3.86579749e-2 5.92016661e-1
387 3.90875939e-2 5.95391088e-1
387.5 3.95279735e-2 5.98812802e-1
388 3.99794931e-2 6.02283062e-1
388.5 4.04425491e-2 6.05803166e-1
389 4.09175561e-2 6.09374463e-1
389.5 4.14049475e-2 6.12998346e-1
390 4.19051767e-2 6.16676262e-1
390.5 4.24187186e-2 6.20409708e-1
391 4.29460699e-2 6.24200239e-1
391.5 4.34877513e-2 6.28049465e-1
392 4.40443084e-2 6.31959059e-1
392.5 4.46163131e-2 6.35930756e-1
393 4.52043654e-2 6.39966358e-1
393.5 4.58090950e-2 6.44067736e-1
394 4.64311628e-2 6.48236836e-1
394.5 4.70712632e-2 6.52475677e-1
395 4.77301259e-2 6.56786363e-1
395.5 4.84085181e-2 6.61171079e-1
396 4.91072470e-2 6.65632101e-1
396.5 4.98271621e-2 6.70171796e-1
397 5.05691581e-2 6.74792631e-1
397.5 5.13341774e-2 6.79497175e-1
398 5.21232140e-2 6.84288108e-1
398.5 5.29373160e-2 6.89168221e-1
399 5.37775898e-2 6.94140427e-1
399.5 5.46452038e-2 6.99207768e-1
400 5.55413927e-2 7.04373418e-1
400.5 5.64674618e-2 7.09640692e-1
401 5.74247923e-2 7.15013055e-1
401.5 5.84148466e-2 7.20494132e-1
402 5.94391735e-2 7.26087711e-1
402.5 6.04994153e-2 7.31797759e-1
403 6.15973141e-2 7.37628429e-1
403.5 6.27347191e-2 7.43584072e-1
404 6.39135948e-2 7.49669249e-1
404.5 6.51360299e-2 7.55888741e-1
405 6.64042464e-2 7.62247567e-1
405.5 6.77206100e-2 7.68750995e-1
406 6.90876419e-2 7.75404560e-1
406.5 7.05080305e-2 7.82214078e-1
407 7.19846453e-2 7.89185666e-1
407.5 7.35205516e-2 7.96325761e-1
408 7.51190267e-2 8.03641141e-1
408.5 7.67835776e-2 8.11138947e-1
409 7.85179607e-2 8.18826708e-1
409.5 8.03262034e-2 8.26712365e-1
410 8.22126276e-2 8.34804303e-1
410.5 8.41818759e-2 8.43111377e-1
411 8.62389407e-2 8.51642950e-1
411.5 8.83891958e-2 8.60408925e-1
412 9.06384323e-2 8.69419785e-1
412.5 9.29928974e-2 8.78686635e-1
413 9.54593384e-2 8.88221249e-1
413.5 9.80450511e-2 8.98036117e-1
414 1.00757934e-1 9.08144501e-1
414.5 1.03606549e-1 9.18560494e-1
415 1.06600188e-1 9.29299081e-1
415.5 1.09748951e-1 9.40376213e-1
416 1.13063827e-1 9.51808879e-1
416.5 1.16556793e-1 9.63615194e-1
417 1.20240922e-1 9.75814481e-1
417.5 1.24130500e-1 9.88427382e-1
418 1.28241168e-1 1.00147595e+0
418.5 1.32590075e-1 1.01498380e+0
419 1.37196055e-1 1.02897618e+0
419.5 1.42079829e-1 1.04348019e+0
420 1.47264230e-1 1.05852486e+0
420.5 1.52774472e-1 1.07414138e+0
421 1.58638443e-1 1.09036326e+0
421.5 1.64887053e-1 1.10722655e+0
422 1.71554630e-1 1.12477002e+0
422.5 1.78679377e-1 1.14303546e+0
423 1.86303905e-1 1.16206793e+0
423.5 1.94475843e-1 1.18191602e+0
424 2.03248558e-1 1.20263220e+0
424.5 2.12681988e-1 1.22427314e+0
425 2.22843622e-1 1.24690007e+0
425.5 2.33809645e-1 1.27057920e+0
426 2.45666293e-1 1.29538206e+0
426.5 2.58511451e-1 1.32138602e+0
427 2.72456546e-1 1.34867461e+0
427.5 2.87628797e-1 1.37733803e+0
428 3.04173905e-1 1.40747350e+0
428.5 3.22259268e-1 1.43918557e+0
429 3.42077839e-1 1.47258638e+0
429.5 3.63852783e-1 1.50779567e+0
430 3.87843086e-1 1.54494057e+0
430.5 4.14350373e-1 1.58415487e+0
431 4.43727168e-1 1.62557780e+0
431.5 4.76386954e-1 1.66935173e+0
432 5.12816438e-1 1.71561863e+0
432.5 5.53590487e-1 1.76451443e+0
433 5.99390329e-1 1.81616058e+0
433.5 6.51025647e-1 1.87065142e+0
434 7.09461238e-1 1.92803542e+0
434.5 7.75848868e-1 1.98828782e+0
435 8.51564643e-1 2.05127061e+0
435.5 9.38251609e-1 2.11667439e+0
436 1.03786584e+0 2.18393438e+0
436.5 1.15272156e+0 2.25210979e+0
437 1.28552564e+0 2.31971218e+0
437.5 1.43938272e+0 2.38446465e+0
438 1.61773639e+0 2.44297210e+0
438.5 1.82418658e+0 2.49028663e+0
439 2.06208572e+0 2.51937261e+0
439.5 2.33376940e+0 2.52052951e+0
440 2.63924040e+0 2.48094634e+0
440.5 2.97415696e+0 2.38476659e+0
441 3.32719914e+0 2.21432216e+0
441.5 3.67746963e+0 1.95338036e+0
442 3.99355249e+0 1.59289540e+0
442.5 4.23664089e+0 1.13826716e+0
443 4.36930679e+0 6.14614277e-1
443.5 4.36787365e+0 6.51865949e-2
444 4.23195155e+0 -4.59084537e-1
444.5 3.98469434e+0 -9.14385954e-1
445 3.66356011e+0 -1.27486605e+0
445.5 3.30782684e+0 -1.53464103e+0
446 2.94950365e+0 -1.70267419e+0
446.5 2.60995017e+0 -1.79542128e+0
447 2.30072926e+0 -1.83090272e+0
447.5 2.02623497e+0 -1.82532093e+0
448 1.78639553e+0 -1.79176073e+0
448.5 1.57874871e+0 -1.74011020e+0
449 1.39980047e+0 -1.67751770e+0
449.5 1.24581767e+0 -1.60898817e+0
450 1.11324203e+0 -1.53793618e+0
450.5 9.98875144e-1 -1.46663469e+0
451 8.99935969e-1 -1.39655492e+0
451.5 8.14052953e-1 -1.32861369e+0
452 7.39226399e-1 -1.26334927e+0
452.5 6.73780494e-1 -1.20104448e+0
453 6.16314788e-1 -1.14181206e+0
453.5 5.65659625e-1 -1.08565347e+0
454 5.20837218e-1 -1.03249914e+0
454.5 4.81028593e-1 -9.82235986e-1
455 4.45546010e-1 -9.34725937e-1
455.5 4.13810166e-1 -8.89818432e-1
456 3.85331471e-1 -8.47358689e-1
456.5 3.59694700e-1 -8.07193095e-1
457 3.36546436e-1 -7.69172605e-1
457.5 3.15584779e-1 -7.33154803e-1
458 2.96550910e-1 -6.99005041e-1
458.5 2.79222156e-1 -6.66596966e-1
459 2.63406273e-1 -6.35812638e-1
459.5 2.48936723e-1 -6.06542385e-1
460 2.35668761e-1 -5.78684493e-1
460.5 2.23476177e-1 -5.52144797e-1
461 2.12248582e-1 -5.26836227e-1
461.5 2.01889133e-1 -5.02678322e-1
462 1.92312624e-1 -4.79596758e-1
462.5 1.83443876e-1 -4.57522873e-1
463 1.75216380e-1 -4.36393230e-1
463.5 1.67571141e-1 -4.16149191e-1
464 1.60455695e-1 -3.96736528e-1
464.5 1.53823279e-1 -3.78105060e-1
465 1.47632106e-1 -3.60208315e-1
465.5 1.41844757e-1 -3.43003226e-1
466 1.36427648e-1 -3.26449847e-1
466.5 1.31350574e-1 -3.10511091e-1
467 1.26586313e-1 -2.95152503e-1
467.5 1.22110286e-1 -2.80342036e-1
468 1.17900255e-1 -2.66049860e-1
468.5 1.13936064e-1 -2.52248183e-1
469 1.10199414e-1 -2.38911085e-1
469.5 1.06673660e-1 -2.26014373e-1
470 1.03343638e-1 -2.13535443e-1
470.5 1.00195512e-1 -2.01453158e-1
471 9.72166361e-2 -1.89747732e-1
471.5 9.43954359e-2 -1.78400633e-1
472 9.17213026e-2 -1.67394482e-1
472.5 8.91844980e-2 -1.56712971e-1
473 8.67760709e-2 -1.46340784e-1
473.5 8.44877830e-2 -1.36263523e-1
474 8.23120419e-2 -1.26467642e-1
474.5 8.02418421e-2 -1.16940389e-1
475 7.82707115e-2 -1.07669745e-1
475.5 7.63926639e-2 -9.86443787e-2
476 7.46021562e-2 -8.98535955e-2
476.5 7.28940496e-2 -8.12872949e-2
477 7.12635756e-2 -7.29359309e-2
477.5 6.97063039e-2 -6.47904749e-2
478 6.82181148e-2 -5.68423816e-2
478.5 6.67951733e-2 -4.90835578e-2
479 6.54339061e-2 -4.15063329e-2
479.5 6.41309806e-2 -3.41034325e-2
480 6.28832857e-2 -2.68679531e-2
480.5 6.16879146e-2 -1.97933391e-2
481 6.05421491e-2 -1.28733617e-2
481.5 5.94434451e-2 -6.10209830e-3
482 5.83894193e-2 5.26085084e-4
482.5 5.73778377e-2 7.01655165e-3
483 5.64066041e-2 1.33744095e-2
483.5 5.54737505e-2 1.96045266e-2
484 5.45774274e-2 2.57115447e-2
484.5 5.37158961e-2 3.16998919e-2
485 5.28875202e-2 3.75737953e-2
485.5 5.20907588e-2 4.33372919e-2
486 5.13241600e-2 4.89942390e-2
486.5 5.05863548e-2 5.45483244e-2
487 4.98760515e-2 6.00030755e-2
487.5 4.91920305e-2 6.53618677e-2
488 4.85331398e-2 7.06279327e-2
488.5 4.78982902e-2 7.58043660e-2
489 4.72864518e-2 8.08941341e-2
489.5 4.66966496e-2 8.59000812e-2
490 4.61279605e-2 9.08249351e-2
490.5 4.55795101e-2 9.56713137e-2
491 4.50504692e-2 1.00441730e-1
491.5 4.45400515e-2 1.05138597e-1
492 4.40475109e-2 1.09764235e-1
492.5 4.35721389e-2 1.14320872e-1
493 4.31132625e-2 1.18810651e-1
493.5 4.26702423e-2 1.23235635e-1
494 4.22424703e-2 1.27597809e-1
494.5 4.18293679e-2 1.31899082e-1
495 4.14303849e-2 1.36141294e-1
495.5 4.10449970e-2 1.40326219e-1
496 4.06727053e-2 1.44455565e-1
496.5 4.03130339e-2 1.48530980e-1
497 3.99655296e-2 1.52554053e-1
497.5 3.96297597e-2 1.56526316e-1
498 3.93053119e-2 1.60449251e-1
498.5 3.89917924e-2 1.64324286e-1
499 3.86888252e-2 1.68152801e-1
499.5 3.83960513e-2 1.71936131e-1
500 3.81131276e-2 1.75675564e-1
500.5 3.78397262e-2 1.79372346e-1
501 3.75755336e-2 1.83027684e-1
501.5 3.73202499e-2 1.86642744e-1
502 3.70735883e-2 1.90218655e-1
502.5 3.68352742e-2 1.93756509e-1
503 3.66050448e-2 1.97257366e-1
503.5 3.63826483e-2 2.00722250e-1
504 3.61678436e-2 2.04152156e-1
504.5 3.59603997e-2 2.07548046e-1
505 3.57600952e-2 2.10910855e-1
505.5 3.55667178e-2 2.14241489e-1
506 3.53800639e-2 2.17540827e-1
506.5 3.51999384e-2 2.20809723e-1
507 3.50261537e-2 2.24049004e-1
507.5 3.48585303e-2 2.27259475e-1
508 3.46968955e-2 2.30441918e-1
508.5 3.45410838e-2 2.33597092e-1
509 3.43909360e-2 2.36725735e-1
509.5 3.42462994e-2 2.39828566e-1
510 3.41070272e-2 2.42906281e-1
510.5 3.39729785e-2 2.45959561e-1
511 3.38440177e-2 2.48989066e-1
511.5 3.37200146e-2 2.51995439e-1
512 3.36008442e-2 2.54979307e-1
512.5 3.34863859e-2 2.57941281e-1
513 3.33765242e-2 2.60881954e-1
513.5 3.32711477e-2 2.63801906e-1
514 3.31701495e-2 2.66701701e-1
514.5 3.30734267e-2 2.69581892e-1
515 3.29808802e-2 2.72443014e-1
515.5 3.28924148e-2 2.75285592e-1
516 3.28079390e-2 2.78110138e-1
516.5 3.27273645e-2 2.80917150e-1
517 3.26506065e-2 2.83707117e-1
517.5 3.25775836e-2 2.86480516e-1
518 3.25082171e-2 2.89237811e-1
518.5 3.24424316e-2 2.91979458e-1
519 3.23801544e-2 2.94705902e-1
519.5 3.23213155e-2 2.97417577e-1
520 3.22658478e-2 3.00114910e-1
520.5 3.22136866e-2 3.02798316e-1
521 3.21647695e-2 3.05468204e-1
521.5 3.21190368e-2 3.08124973e-1
522 3.20764309e-2 3.10769014e-1
522.5 3.20368966e-2 3.13400710e-1
523 3.20003805e-2 3.16020436e-1
523.5 3.19668316e-2 3.18628560e-1
524 3.19362008e-2 3.21225444e-1
524.5 3.19084409e-2 3.23811441e-1
525 3.18835065e-2 3.26386899e-1
525.5 3.18613543e-2 3.28952159e-1
526 3.18419424e-2 3.31507555e-1
526.5 3.18252308e-2 3.34053417e-1
527 3.18111811e-2 3.36590067e-1
527.5 3.17997566e-2 3.39117823e-1
528 3.17909219e-2 3.41636998e-1
528.5 3.17846433e-2 3.44147898e-1
529 3.17808886e-2 3.46650825e-1
529.5 3.17796269e-2 3.49146077e-1
530 3.17808288e-2 3.51633946e-1
530.5 3.17844661e-2 3.54114720e-1
531 3.17905119e-2 3.56588683e-1
531.5 3.17989408e-2 3.59056114e-1
532 3.18097284e-2 3.61517290e-1
532.5 3.18228517e-2 3.63972482e-1
533 3.18382887e-2 3.66421958e-1
533.5 3.18560187e-2 3.68865983e-1
534 3.18760220e-2 3.71304818e-1
534.5 3.18982802e-2 3.73738721e-1
535 3.19227757e-2 3.76167947e-1
535.5 3.19494921e-2 3.78592746e-1
536 3.19784142e-2 3.81013369e-1
536.5 3.20095275e-2 3.83430061e-1
537 3.20428186e-2 3.85843065e-1
537.5 3.20782752e-2 3.88252623e-1
538 3.21158859e-2 3.90658973e-1
538.5 3.21556401e-2 3.93062350e-1
539 3.21975283e-2 3.95462989e-1
539.5 3.22415418e-2 3.97861121e-1
540 3.22876729e-2 4.00256977e-1
540.5 3.23359146e-2 4.02650784e-1
541 3.23862610e-2 4.05042768e-1
541.5 3.24387069e-2 4.07433154e-1
542 3.24932480e-2 4.09822164e-1
542.5 3.25498809e-2 4.12210020e-1
543 3.26086029e-2 4.14596941e-1
543.5 3.26694122e-2 4.16983147e-1
544 3.27323079e-2 4.19368854e-1
544.5 3.27972897e-2 4.21754278e-1
545 3.28643584e-2 4.24139636e-1
545.5 3.29335153e-2 4.26525140e-1
546 3.30047626e-2 4.28911004e-1
546.5 3.30781034e-2 4.31297441e-1
547 3.31535415e-2 4.33684663e-1
547.5 3.32310815e-2 4.36072880e-1
548 3.33107288e-2 4.38462303e-1
548.5 3.33924894e-2 4.40853143e-1
549 3.34763704e-2 4.43245608e-1
549.5 3.35623795e-2 4.45639910e-1
550 3.36505253e-2 4.48036255e-1
550.5 3.37408169e-2 4.50434855e-1
551 3.38332645e-2 4.52835918e-1
551.5 3.39278790e-2 4.55239652e-1
552 3.40246720e-2 4.57646267e-1
552.5 3.41236561e-2 4.60055973e-1
553 3.42248444e-2 4.62468978e-1
553.5 3.43282512e-2 4.64885493e-1
554 3.44338912e-2 4.67305728e-1
554.5 3.45417801e-2 4.69729894e-1
555 3.46519347e-2 4.72158202e-1
555.5 3.47643721e-2 4.74590863e-1
556 3.48791107e-2 4.77028091e-1
556.5 3.49961694e-2 4.79470100e-1
557 3.51155684e-2 4.81917102e-1
557.5 3.52373283e-2 4.84369315e-1
558 3.53614710e-2 4.86826953e-1
558.5 3.54880189e-2 4.89290235e-1
559 3.56169956e-2 4.91759380e-1
559.5 3.57484255e-2 4.94234606e-1
560 3.58823341e-2 4.96716136e-1
560.5 3.60187476e-2 4.99204192e-1
561 3.61576933e-2 5.01698998e-1
561.5 3.62991995e-2 5.04200781e-1
562 3.64432954e-2 5.06709768e-1
562.5 3.65900115e-2 5.09226189e-1
563 3.67393790e-2 5.11750274e-1
563.5 3.68914303e-2 5.14282257e-1
564 3.70461990e-2 5.16822374e-1
564.5 3.72037195e-2 5.19370861e-1
565 3.73640277e-2 5.21927959e-1
565.5 3.75271603e-2 5.24493910e-1
566 3.76931554e-2 5.27068958e-1
566.5 3.78620523e-2 5.29653350e-1
567 3.80338913e-2 5.32247336e-1
567.5 3.82087143e-2 5.34851169e-1
568 3.83865641e-2 5.37465104e-1
568.5 3.85674852e-2 5.40089398e-1
569 3.87515232e-2 5.42724315e-1
569.5 3.89387250e-2 5.45370117e-1
570 3.91291393e-2 5.48027074e-1
570.5 3.93228158e-2 5.50695456e-1
571 3.95198059e-2 5.53375538e-1
571.5 3.97201627e-2 5.56067598e-1
572 3.99239404e-2 5.58771919e-1
572.5 4.01311953e-2 5.61488787e-1
573 4.03419850e-2 5.64218492e-1
573.5 4.05563690e-2 5.66961328e-1
574 4.07744084e-2 5.69717595e-1
574.5 4.09961662e-2 5.72487594e-1
575 4.12217071e-2 5.75271635e-1
575.5 4.14510979e-2 5.78070028e-1
576 4.16844072e-2 5.80883093e-1
576.5 4.19217056e-2 5.83711150e-1
577 4.21630658e-2 5.86554528e-1
577.5 4.24085626e-2 5.89413559e-1
578 4.26582731e-2 5.92288582e-1
578.5 4.29122764e-2 5.95179941e-1
579 4.31706542e-2 5.98087987e-1
579.5 4.34334904e-2 6.01013074e-1
580 4.37008715e-2 6.03955567e-1
580.5 4.39728864e-2 6.06915833e-1
581 4.42496267e-2 6.09894249e-1
581.5 4.45311868e-2 6.12891196e-1
582 4.48176638e-2 6.15907064e-1
582.5 4.51091575e-2 6.18942250e-1
583 4.54057711e-2 6.21997158e-1
583.5 4.57076105e-2 6.25072200e-1
584 4.60147850e-2 6.28167796e-1
584.5 4.63274071e-2 6.31284375e-1
585 4.66455926e-2 6.34422373e-1
585.5 4.69694611e-2 6.37582236e-1
586 4.72991354e-2 6.40764417e-1
586.5 4.76347425e-2 6.43969383e-1
587 4.79764129e-2 6.47197604e-1
587.5 4.83242815e-2 6.50449566e-1
588 4.86784870e-2 6.53725761e-1
588.5 4.90391726e-2 6.57026694e-1
589 4.94064860e-2 6.60352880e-1
589.5 4.97805794e-2 6.63704845e-1
590 5.01616098e-2 6.67083126e-1
590.5 5.05497393e-2 6.70488274e-1
591 5.09451349e-2 6.73920850e-1
591.5 5.13479693e-2 6.77381429e-1
592 5.17584204e-2 6.80870599e-1
592.5 5.21766720e-2 6.84388962e-1
593 5.26029137e-2 6.87937132e-1
593.5 5.30373416e-2 6.91515740e-1
594 5.34801580e-2 6.95125429e-1
594.5 5.39315718e-2 6.98766861e-1
595 5.43917990e-2 7.02440712e-1
595.5 5.48610628e-2 7.06147672e-1
596 5.53395937e-2 7.09888453e-1
596.5 5.58276302e-2 7.13663781e-1
597 5.63254187e-2 7.17474400e-1
597.5 5.68332141e-2 7.21321075e-1
598 5.73512802e-2 7.25204588e-1
598.5 5.78798897e-2 7.29125744e-1
599 5.84193249e-2 7.33085365e-1
599.5 5.89698778e-2 7.37084297e-1
600 5.95318511e-2 7.41123407e-1
600.5 6.01055578e-2 7.45203586e-1
601 6.06913224e-2 7.49325748e-1
601.5 6.12894808e-2 7.53490832e-1
602 6.19003812e-2 7.57699801e-1
602.5 6.25243845e-2 7.61953646e-1
603 6.31618648e-2 7.66253385e-1
603.5 6.38132100e-2 7.70600063e-1
604 6.44788224e-2 7.74994757e-1
604.5 6.51591195e-2 7.79438572e-1
605 6.58545345e-2 7.83932644e-1
605.5 6.65655169e-2 7.88478144e-1
606 6.72925338e-2 7.93076276e-1
606.5 6.80360698e-2 7.97728277e-1
607 6.87966287e-2 8.02435424e-1
607.5 6.95747339e-2 8.07199028e-1
608 7.03709295e-2 8.12020443e-1
608.5 7.11857811e-2 8.16901062e-1
609 7.20198771e-2 8.21842318e-1
609.5 7.28738296e-2 8.26845693e-1
610 7.37482756e-2 8.31912710e-1
610.5 7.46438782e-2 8.37044943e-1
611 7.55613278e-2 8.42244012e-1
611.5 7.65013439e-2 8.47511591e-1
612 7.74646760e-2 8.52849407e-1
612.5 7.84521052e-2 8.58259241e-1
613 7.94644463e-2 8.63742934e-1
613.5 8.05025489e-2 8.69302386e-1
614 8.15672997e-2 8.74939559e-1
614.5 8.26596242e-2 8.80656482e-1
615 8.37804887e-2 8.86455250e-1
615.5 8.49309025e-2 8.92338032e-1
616 8.61119206e-2 8.98307067e-1
616.5 8.73246456e-2 9.04364675e-1
617 8.85702305e-2 9.10513254e-1
617.5 8.98498817e-2 9.16755286e-1
618 9.11648616e-2 9.23093341e-1
618.5 9.25164923e-2 9.29530082e-1
619 9.39061583e-2 9.36068266e-1
619.5 9.53353106e-2 9.42710750e-1
620 9.68054702e-2 9.49460496e-1
620.5 9.83182326e-2 9.56320574e-1
621 9.98752716e-2 9.63294170e-1
621.5 1.01478345e-1 9.70384588e-1
622 1.03129297e-1 9.77595257e-1
622.5 1.04830068e-1 9.84929739e-1
623 1.06582696e-1 9.92391729e-1
623.5 1.08389326e-1 9.99985071e-1
624 1.10252212e-1 1.00771376e+0
624.5 1.12173732e-1 1.01558193e+0
625 1.14156387e-1 1.02359392e+0
625.5 1.16202813e-1 1.03175420e+0
626 1.18315792e-1 1.04006745e+0
626.5 1.20498258e-1 1.04853853e+0
627 1.22753308e-1 1.05717251e+0
627.5 1.25084213e-1 1.06597466e+0
628 1.27494432e-1 1.07495048e+0
628.5 1.29987620e-1 1.08410570e+0
629 1.32567648e-1 1.09344630e+0
629.5 1.35238613e-1 1.10297852e+0
630 1.38004854e-1 1.11270886e+0
630.5 1.40870975e-1 1.12264413e+0
631 1.43841857e-1 1.13279141e+0
631.5 1.46922685e-1 1.14315813e+0
632 1.50118963e-1 1.15375204e+0
632.5 1.53436547e-1 1.16458125e+0
633 1.56881663e-1 1.17565425e+0
633.5 1.60460942e-1 1.18697989e+0
634 1.64181449e-1 1.19856749e+0
634.5 1.68050716e-1 1.21042677e+0
635 1.72076780e-1 1.22256793e+0
635.5 1.76268228e-1 1.23500166e+0
636 1.80634233e-1 1.24773917e+0
636.5 1.85184614e-1 1.26079222e+0
637 1.89929879e-1 1.27417315e+0
637.5 1.94881291e-1 1.28789491e+0
638 2.00050931e-1 1.30197110e+0
638.5 2.05451769e-1 1.31641603e+0
639 2.11097743e-1 1.33124469e+0
639.5 2.17003846e-1 1.34647290e+0
640 2.23186219e-1 1.36211724e+0
640.5 2.29662264e-1 1.37819519e+0
641 2.36450752e-1 1.39472511e+0
641.5 2.43571962e-1 1.41172636e+0
642 2.51047819e-1 1.42921928e+0
642.5 2.58902057e-1 1.44722532e+0
643 2.67160400e-1 1.46576703e+0
643.5 2.75850756e-1 1.48486819e+0
644 2.85003444e-1 1.50455380e+0
644.5 2.94651439e-1 1.52485023e+0
645 3.04830654e-1 1.54578520e+0
645.5 3.15580247e-1 1.56738791e+0
646 3.26942974e-1 1.58968906e+0
646.5 3.38965584e-1 1.61272093e+0
647 3.51699255e-1 1.63651745e+0
647.5 3.65200101e-1 1.66111421e+0
648 3.79529728e-1 1.68654853e+0
648.5 3.94755878e-1 1.71285949e+0
649 4.10953144e-1 1.74008789e+0
649.5 4.28203787e-1 1.76827627e+0
650 4.46598670e-1 1.79746881e+0
650.5 4.66238301e-1 1.82771125e+0
651 4.87234040e-1 1.85905074e+0
651.5 5.09709459e-1 1.89153551e+0
652 5.33801894e-1 1.92521461e+0
652.5 5.59664223e-1 1.96013738e+0
653 5.87466879e-1 1.99635278e+0
653.5 6.17400158e-1 2.03390856e+0
654 6.49676844e-1 2.07285006e+0
654.5 6.84535200e-1 2.11321875e+0
655 7.22242362e-1 2.15505021e+0
655.5 7.63098197e-1 2.19837166e+0
656 8.07439649e-1 2.24319860e+0
656.5 8.55645631e-1 2.28953059e+0
657 9.08142470e-1 2.33734584e+0
657.5 9.65409911e-1 2.38659419e+0
658 1.02798765e+0 2.43718820e+0
658.5 1.09648224e+0 2.48899171e+0
659 1.17157424e+0 2.54180530e+0
659.5 1.25402508e+0 2.59534783e+0
660 1.34468318e+0 2.64923302e+0
660.5 1.44448818e+0 2.70294004e+0
661 1.55447184e+0 2.75577671e+0
661.5 1.67575333e+0 2.80683399e+0
662 1.80952555e+0 2.85493044e+0
662.5 1.95702784e+0 2.89854571e+0
663 2.11949851e+0 2.93574320e+0
663.5 2.29809870e+0 2.96408387e+0
664 2.49379645e+0 2.98053652e+0
664.5 2.70719864e+0 2.98139557e+0
665 2.93831771e+0 2.96222566e+0
665.5 3.18626438e+0 2.91786397e+0
666 3.44886796e+0 2.84252487e+0
666.5 3.72224779e+0 2.73006433e+0
667 4.00039567e+0 2.57446558e+0
667.5 4.27487805e+0 2.37059050e+0
668 4.53481714e+0 2.11518762e+0
668.5 4.76733408e+0 1.80804809e+0
669 4.95859275e+0 1.45306886e+0
669.5 5.09543665e+0 1.05887011e+0
670 5.16737506e+0 6.38607452e-1
670.5 5.16844017e+0 2.08791021e-1
671 5.09834996e+0 -2.12745829e-1
671.5 4.96257741e+0 -6.09240508e-1
672 4.77129898e+0 -9.67109207e-1
672.5 4.53758358e+0 -1.27724579e+0
673 4.27538267e+0 -1.53532078e+0
673.5 3.99782476e+0 -1.74123438e+0
674 3.71609211e+0 -1.89807437e+0
674.5 3.43891291e+0 -2.01094350e+0
675 3.17254058e+0 -2.08591601e+0
675.5 2.92103602e+0 -2.12924788e+0
676 2.68668621e+0 -2.14685921e+0
676.5 2.47044280e+0 -2.14404769e+0
677 2.27231488e+0 -2.12537086e+0
677.5 2.09168890e+0 -2.09463772e+0
678 1.92757234e+0 -2.05496267e+0
678.5 1.77876986e+0 -2.00884894e+0
679 1.64400468e+0 -1.95828076e+0
679.5 1.52199849e+0 -1.90481242e+0
680 1.41152111e+0 -1.84964843e+0
680.5 1.31141909e+0 -1.79371244e+0
681 1.22062988e+0 -1.73770492e+0
681.5 1.13818674e+0 -1.68215030e+0
682 1.06321771e+0 -1.62743509e+0
682.5 9.94941069e-1 -1.57383833e+0
683 9.32658981e-1 -1.52155572e+0
683.5 8.75750197e-1 -1.47071873e+0
684 8.23662625e-1 -1.42140948e+0
684.5 7.75906080e-1 -1.37367253e+0
685 7.32045482e-1 -1.32752399e+0
685.5 6.91694600e-1 -1.28295869e+0
686 6.54510383e-1 -1.23995567e+0
686.5 6.20187885e-1 -1.19848253e+0
687 5.88455756e-1 -1.15849873e+0
687.5 5.59072249e-1 -1.11995818e+0
688 5.31821706e-1 -1.08281117e+0
688.5 5.06511472e-1 -1.04700592e+0
689 4.82969186e-1 -1.01248970e+0
689.5 4.61040405e-1 -9.79209701e-1
690 4.40586529e-1 -9.47113658e-1
690.5 4.21482977e-1 -9.16150345e-1
691 4.03617593e-1 -8.86269893e-1
691.5 3.86889247e-1 -8.57424028e-1
692 3.71206606e-1 -8.29566227e-1
692.5 3.56487058e-1 -8.02651809e-1
693 3.42655766e-1 -7.76637983e-1
693.5 3.29644829e-1 -7.51483855e-1
694 3.17392548e-1 -7.27150420e-1
694.5 3.05842781e-1 -7.03600520e-1
695 2.94944363e-1 -6.80798800e-1
695.5 2.84650603e-1 -6.58711649e-1
696 2.74918833e-1 -6.37307135e-1
696.5 2.65710007e-1 -6.16554933e-1
697 2.56988347e-1 -5.96426259e-1
697.5 2.48721027e-1 -5.76893792e-1
698 2.40877892e-1 -5.57931609e-1
698.5 2.33431205e-1 -5.39515107e-1
699 2.26355422e-1 -5.21620943e-1
699.5 2.19626994e-1 -5.04226961e-1
700 2.13224180e-1 -4.87312131e-1
700.5 2.07126892e-1 -4.70856486e-1
701 2.01316546e-1 -4.54841068e-1
701.5 1.95775929e-1 -4.39247867e-1
702 1.90489087e-1 -4.24059772e-1
702.5 1.85441210e-1 -4.09260520e-1
703 1.80618542e-1 -3.94834647e-1
703.5 1.76008293e-1 -3.80767448e-1
704 1.71598555e-1 -3.67044930e-1
704.5 1.67378237e-1 -3.53653774e-1
705 1.63336997e-1 -3.40581300e-1
705.5 1.59465182e-1 -3.27815427e-1
706 1.55753775e-1 -3.15344645e-1
706.5 1.52194346e-1 -3.03157979e-1
707 1.48779007e-1 -2.91244965e-1
707.5 1.45500372e-1 -2.79595617e-1
708 1.42351519e-1 -2.68200405e-1
708.5 1.39325955e-1 -2.57050227e-1
709 1.36417587e-1 -2.46136392e-1
709.5 1.33620690e-1 -2.35450590e-1
710 1.30929884e-1 -2.24984879e-1
710.5 1.28340108e-1 -2.14731662e-1
711 1.25846598e-1 -2.04683672e-1
711.5 1.23444866e-1 -1.94833950e-1
712 1.21130683e-1 -1.85175834e-1
712.5 1.18900058e-1 -1.75702942e-1
713 1.16749228e-1 -1.66409159e-1
713.5 1.14674636e-1 -1.57288619e-1
714 1.12672922e-1 -1.48335700e-1
714.5 1.10740910e-1 -1.39545006e-1
715 1.08875595e-1 -1.30911359e-1
715.5 1.07074131e-1 -1.22429786e-1
716 1.05333824e-1 -1.14095511e-1
716.5 1.03652121e-1 -1.05903945e-1
717 1.02026602e-1 -9.78506770e-2
717.5 1.00454968e-1 -8.99314660e-2
718 9.89350418e-2 -8.21422318e-2
718.5 9.74647520e-2 -7.44790487e-2
719 9.60421323e-2 -6.69381380e-2
719.5 9.46653134e-2 -5.95158610e-2
720 9.33325176e-2 -5.22087130e-2
720.5 9.20420536e-2 -4.50133169e-2
721 9.07923112e-2 -3.79264177e-2
721.5 8.95817574e-2 -3.09448770e-2
722 8.84089314e-2 -2.40656678e-2
722.5 8.72724411e-2 -1.72858696e-2
723 8.61709589e-2 -1.06026638e-2
723.5 8.51032185e-2 -4.01332941e-3
724 8.40680115e-2 2.48476153e-3
724.5 8.30641841e-2 8.89414750e-3
725 8.20906346e-2 1.52172815e-2
725.5 8.11463101e-2 2.14565347e-2
726 8.02302047e-2 2.76141996e-2
726.5 7.93413561e-2 3.36924936e-2
727 7.84788445e-2 3.96935618e-2
727.5 7.76417892e-2 4.56194803e-2
728 7.68293478e-2 5.14722588e-2
728.5 7.60407135e-2 5.72538431e-2
729 7.52751136e-2 6.29661180e-2
729.5 7.45318077e-2 6.86109095e-2
730 7.38100863e-2 7.41899874e-2
730.5 7.31092694e-2 7.97050672e-2
731 7.24287046e-2 8.51578122e-2
731.5 7.17677662e-2 9.05498358e-2
732 7.11258540e-2 9.58827033e-2
732.5 7.05023916e-2 1.01157934e-1
733 6.98968260e-2 1.06377002e-1
733.5 6.93086257e-2 1.11541339e-1
734 6.87372806e-2 1.16652335e-1
734.5 6.81823004e-2 1.21711342e-1
735 6.76432137e-2 1.26719671e-1
735.5 6.71195677e-2 1.31678600e-1
736 6.66109267e-2 1.36589367e-1
736.5 6.61168719e-2 1.41453179e-1
737 6.56370004e-2 1.46271210e-1
737.5 6.51709245e-2 1.51044601e-1
738 6.47182710e-2 1.55774463e-1
738.5 6.42786807e-2 1.60461878e-1
739 6.38518080e-2 1.65107898e-1
739.5 6.34373199e-2 1.69713550e-1
740 6.30348956e-2 1.74279832e-1
740.5 6.26442263e-2 1.78807718e-1
741 6.22650143e-2 1.83298158e-1
741.5 6.18969730e-2 1.87752076e-1
742 6.15398258e-2 1.92170374e-1
742.5 6.11933064e-2 1.96553933e-1
743 6.08571580e-2 2.00903611e-1
743.5 6.05311328e-2 2.05220246e-1
744 6.02149922e-2 2.09504657e-1
744.5 5.99085058e-2 2.13757641e-1
745 5.96114515e-2 2.17979979e-1
745.5 5.93236151e-2 2.22172432e-1
746 5.90447899e-2 2.26335745e-1
746.5 5.87747765e-2 2.30470647e-1
747 5.85133825e-2 2.34577847e-1
747.5 5.82604222e-2 2.38658042e-1
748 5.80157166e-2 2.42711912e-1
748.5 5.77790927e-2 2.46740122e-1
749 5.75503838e-2 2.50743325e-1
749.5 5.73294288e-2 2.54722157e-1
750 5.71160724e-2 2.58677244e-1
750.5 5.69101647e-2 2.62609195e-1
751 5.67115609e-2 2.66518611e-1
751.5 5.65201215e-2 2.70406078e-1
752 5.63357117e-2 2.74272171e-1
752.5 5.61582015e-2 2.78117455e-1
753 5.59874654e-2 2.81942481e-1
753.5 5.58233824e-2 2.85747793e-1
754 5.56658358e-2 2.89533924e-1
754.5 5.55147130e-2 2.93301394e-1
755 5.53699053e-2 2.97050717e-1
755.5 5.52313081e-2 3.00782396e-1
756 5.50988204e-2 3.04496927e-1
756.5 5.49723448e-2 3.08194794e-1
757 5.48517876e-2 3.11876475e-1
757.5 5.47370585e-2 3.15542441e-1
758 5.46280705e-2 3.19193151e-1
758.5 5.45247396e-2 3.22829060e-1
759 5.44269854e-2 3.26450616e-1
759.5 5.43347302e-2 3.30058257e-1
760 5.42478994e-2 3.33652416e-1
760.5 5.41664212e-2 3.37233520e-1
761 5.40902267e-2 3.40801988e-1
761.5 5.40192498e-2 3.44358233e-1
762 5.39534268e-2 3.47902665e-1
762.5 5.38926969e-2 3.51435683e-1
763 5.38370016e-2 3.54957685e-1
763.5 5.37862850e-2 3.58469062e-1
764 5.37404935e-2 3.61970199e-1
764.5 5.36995760e-2 3.65461478e-1
765 5.36634836e-2 3.68943274e-1
765.5 5.36321696e-2 3.72415959e-1
766 5.36055897e-2 3.75879901e-1
766.5 5.35837015e-2 3.79335460e-1
767 5.35664648e-2 3.82782998e-1
767.5 5.35538416e-2 3.86222867e-1
768 5.35457957e-2 3.89655419e-1
768.5 5.35422931e-2 3.93081002e-1
769 5.35433016e-2 3.96499959e-1
769.5 5.35487908e-2 3.99912630e-1
770 5.35587326e-2 4.03319353e-1
770.5 5.35731003e-2 4.06720462e-1
771 5.35918694e-2 4.10116288e-1
771.5 5.36150167e-2 4.13507160e-1
772 5.36425214e-2 4.16893403e-1
772.5 5.36743639e-2 4.20275342e-1
773 5.37105267e-2 4.23653297e-1
773.5 5.37509937e-2 4.27027587e-1
774 5.37957506e-2 4.30398528e-1
774.5 5.38447850e-2 4.33766436e-1
775 5.38980857e-2 4.37131622e-1
775.5 5.39556435e-2 4.40494399e-1
776 5.40174505e-2 4.43855075e-1
776.5 5.40835008e-2 4.47213957e-1
777 5.41537898e-2 4.50571354e-1
777.5 5.42283144e-2 4.53927569e-1
778 5.43070734e-2 4.57282907e-1
778.5 5.43900670e-2 4.60637671e-1
779 5.44772968e-2 4.63992163e-1
779.5 5.45687662e-2 4.67346683e-1
780 5.46644801e-2 4.70701533e-1
780.5 5.47644448e-2 4.74057011e-1
781 5.48686683e-2 4.77413418e-1
781.5 5.49771601e-2 4.80771052e-1
782 5.50899312e-2 4.84130211e-1
782.5 5.52069942e-2 4.87491195e-1
783 5.53283633e-2 4.90854300e-1
783.5 5.54540542e-2 4.94219827e-1
784 5.55840841e-2 4.97588073e-1
784.5 5.57184719e-2 5.00959336e-1
785 5.58572379e-2 5.04333916e-1
785.5 5.60004043e-2 5.07712112e-1
786 5.61479945e-2 5.11094224e-1
786.5 5.63000338e-2 5.14480554e-1
787 5.64565490e-2 5.17871401e-1
787.5 5.66175686e-2 5.21267069e-1
788 5.67831228e-2 5.24667861e-1
788.5 5.69532433e-2 5.28074081e-1
789 5.71279636e-2 5.31486035e-1
789.5 5.73073188e-2 5.34904029e-1
790 5.74913460e-2 5.38328372e-1
790.5 5.76800838e-2 5.41759374e-1
791 5.78735726e-2 5.45197346e-1
791.5 5.80718547e-2 5.48642601e-1
792 5.82749741e-2 5.52095454e-1
792.5 5.84829769e-2 5.55556223e-1
793 5.86959107e-2 5.59025226e-1
793.5 5.89138254e-2 5.62502785e-1
794 5.91367725e-2 5.65989224e-1
794.5 5.93648058e-2 5.69484868e-1
795 5.95979810e-2 5.72990046e-1
795.5 5.98363557e-2 5.76505090e-1
796 6.00799898e-2 5.80030333e-1
796.5 6.03289452e-2 5.83566114e-1
797 6.05832861e-2 5.87112772e-1
797.5 6.08430789e-2 5.90670651e-1
798 6.11083922e-2 5.94240098e-1
798.5 6.13792969e-2 5.97821462e-1
799 6.16558663e-2 6.01415099e-1
799.5 6.19381763e-2 6.05021365e-1
800 6.22263050e-2 6.08640622e-1
800.5 6.25203333e-2 6.12273236e-1
801 6.28203444e-2 6.15919577e-1
801.5 6.31264245e-2 6.19580018e-1
802 6.34386622e-2 6.23254940e-1
802.5 6.37571491e-2 6.26944725e-1
803 6.40819796e-2 6.30649762e-1
803.5 6.44132511e-2 6.34370443e-1
804 6.47510639e-2 6.38107168e-1
804.5 6.50955215e-2 6.41860341e-1
805 6.54467305e-2 6.45630370e-1
805.5 6.58048008e-2 6.49417671e-1
806 6.61698456e-2 6.53222665e-1
806.5 6.65419816e-2 6.57045779e-1
807 6.69213291e-2 6.60887447e-1
807.5 6.73080119e-2 6.64748108e-1
808 6.77021577e-2 6.68628209e-1
808.5 6.81038978e-2 6.72528204e-1
809 6.85133678e-2 6.76448553e-1
809.5 6.89307071e-2 6.80389725e-1
810 6.93560594e-2 6.84352195e-1
810.5 6.97895728e-2 6.88336447e-1
811 7.02313999e-2 6.92342973e-1
811.5 7.06816977e-2 6.96372272e-1
812 7.11406280e-2 7.00424852e-1
812.5 7.16083577e-2 7.04501233e-1
813 7.20850585e-2 7.08601939e-1
813.5 7.25709075e-2 7.12727507e-1
814 7.30660869e-2 7.16878482e-1
814.5 7.35707848e-2 7.21055421e-1
815 7.40851947e-2 7.25258888e-1
815.5 7.46095163e-2 7.29489461e-1
816 7.51439552e-2 7.33747728e-1
816.5 7.56887234e-2 7.38034286e-1
817 7.62440395e-2 7.42349747e-1
817.5 7.68101286e-2 7.46694733e-1
818 7.73872232e-2 7.51069878e-1
818.5 7.79755626e-2 7.55475830e-1
819 7.85753939e-2 7.59913250e-1
819.5 7.91869717e-2 7.64382813e-1
820 7.98105587e-2 7.68885205e-1
820.5 8.04464260e-2 7.73421130e-1
821 8.10948530e-2 7.77991305e-1
821.5 8.17561284e-2 7.82596463e-1
822 8.24305498e-2 7.87237352e-1
822.5 8.31184244e-2 7.91914737e-1
823 8.38200695e-2 7.96629400e-1
823.5 8.45358126e-2 8.01382139e-1
824 8.52659916e-2 8.06173772e-1
824.5 8.60109559e-2 8.11005132e-1
825 8.67710661e-2 8.15877075e-1
825.5 8.75466947e-2 8.20790474e-1
826 8.83382268e-2 8.25746223e-1
826.5 8.91460601e-2 8.30745237e-1
827 8.99706059e-2 8.35788454e-1
827.5 9.08122893e-2 8.40876830e-1
828 9.16715496e-2 8.46011349e-1
828.5 9.25488415e-2 8.51193015e-1
829 9.34446350e-2 8.56422860e-1
829.5 9.43594165e-2 8.61701938e-1
830 9.52936892e-2 8.67031330e-1
830.5 9.62479741e-2 8.72412146e-1
831 9.72228102e-2 8.77845523e-1
831.5 9.82187558e-2 8.83332625e-1
832 9.92363891e-2 8.88874648e-1
832.5 1.00276309e-1 8.94472818e-1
833 1.01339135e-1 9.00128393e-1
833.5 1.02425512e-1 9.05842665e-1
834 1.03536104e-1 9.11616959e-1
834.5 1.04671604e-1 9.17452635e-1
835 1.05832727e-1 9.23351091e-1
835.5 1.07020218e-1 9.29313761e-1
836 1.08234846e-1 9.35342120e-1
836.5 1.09477412e-1 9.41437683e-1
837 1.10748748e-1 9.47602005e-1
837.5 1.12049714e-1 9.53836688e-1
838 1.13381208e-1 9.60143376e-1
838.5 1.14744160e-1 9.66523761e-1
839 1.16139536e-1 9.72979583e-1
839.5 1.17568342e-1 9.79512632e-1
840 1.19031623e-1 9.86124750e-1
840.5 1.20530466e-1 9.92817833e-1
841 1.22066002e-1 9.99593833e-1
841.5 1.23639407e-1 1.00645476e+0
842 1.25251905e-1 1.01340268e+0
842.5 1.26904774e-1 1.02043973e+0
843 1.28599339e-1 1.02756810e+0
843.5 1.30336987e-1 1.03479006e+0
844 1.32119159e-1 1.04210794e+0
844.5 1.33947359e-1 1.04952414e+0
845 1.35823156e-1 1.05704115e+0
845.5 1.37748186e-1 1.06466153e+0
846 1.39724156e-1 1.07238790e+0
846.5 1.41752850e-1 1.08022301e+0
847 1.43836129e-1 1.08816965e+0
847.5 1.45975938e-1 1.09623074e+0
848 1.48174311e-1 1.10440926e+0
848.5 1.50433373e-1 1.11270832e+0
849 1.52755346e-1 1.12113110e+0
849.5 1.55142556e-1 1.12968092e+0
850 1.57597438e-1 1.13836119e+0
850.5 1.60122542e-1 1.14717544e+0
851 1.62720536e-1 1.15612732e+0
851.5 1.65394220e-1 1.16522061e+0
852 1.68146527e-1 1.17445920e+0
852.5 1.70980533e-1 1.18384715e+0
853 1.73899469e-1 1.19338863e+0
853.5 1.76906723e-1 1.20308798e+0
854 1.80005854e-1 1.21294967e+0
854.5 1.83200603e-1 1.22297834e+0
855 1.86494901e-1 1.23317882e+0
855.5 1.89892882e-1 1.24355608e+0
856 1.93398896e-1 1.25411528e+0
856.5 1.97017523e-1 1.26486177e+0
857 2.00753586e-1 1.27580112e+0
857.5 2.04612167e-1 1.28693906e+0
858 2.08598623e-1 1.29828157e+0
858.5 2.12718607e-1 1.30983484e+0
859 2.16978083e-1 1.32160530e+0
859.5 2.21383349e-1 1.33359960e+0
860 2.25941060e-1 1.34582468e+0
860.5 2.30658251e-1 1.35828772e+0
861 2.35542361e-1 1.37099618e+0
861.5 2.40601266e-1 1.38395779e+0
862 2.45843305e-1 1.39718062e+0
862.5 2.51277312e-1 1.41067302e+0
863 2.56912657e-1 1.42444366e+0
863.5 2.62759278e-1 1.43850158e+0
864 2.68827725e-1 1.45285613e+0
864.5 2.75129206e-1 1.46751707e+0
865 2.81675633e-1 1.48249450e+0
865.5 2.88479678e-1 1.49779895e+0
866 2.95554828e-1 1.51344133e+0
866.5 3.02915447e-1 1.52943300e+0
867 3.10576848e-1 1.54578574e+0
867.5 3.18555360e-1 1.56251181e+0
868 3.26868418e-1 1.57962391e+0
868.5 3.35534640e-1 1.59713525e+0
869 3.44573932e-1 1.61505953e+0
869.5 3.54007589e-1 1.63341096e+0
870 3.63858409e-1 1.65220426e+0
870.5 3.74150819e-1 1.67145472e+0
871 3.84911014e-1 1.69117812e+0
871.5 3.96167105e-1 1.71139083e+0
872 4.07949284e-1 1.73210974e+0
872.5 4.20290007e-1 1.75335228e+0
873 4.33224190e-1 1.77513642e+0
873.5 4.46789431e-1 1.79748067e+0
874 4.61026246e-1 1.82040400e+0
874.5 4.75978335e-1 1.84392586e+0
875 4.91692873e-1 1.86806612e+0
875.5 5.08220831e-1 1.89284499e+0
876 5.25617325e-1 1.91828297e+0
876.5 5.43942012e-1 1.94440075e+0
877 5.63259510e-1 1.97121905e+0
877.5 5.83639877e-1 1.99875851e+0
878 6.05159130e-1 2.02703948e+0
878.5 6.27899820e-1 2.05608176e+0
879 6.51951663e-1 2.08590435e+0
879.5 6.77412240e-1 2.11652507e+0
880 7.04387760e-1 2.14796014e+0
880.5 7.32993904e-1 2.18022364e+0
881 7.63356748e-1 2.21332691e+0
881.5 7.95613775e-1 2.24727774e+0
882 8.29914973e-1 2.28207948e+0
882.5 8.66424033e-1 2.31772991e+0
883 9.05319647e-1 2.35421990e+0
883.5 9.46796893e-1 2.39153178e+0
884 9.91068716e-1 2.42963742e+0
884.5 1.03836749e+0 2.46849590e+0
885 1.08894663e+0 2.50805068e+0
885.5 1.14308225e+0 2.54822630e+0
886 1.20107476e+0 2.58892438e+0
886.5 1.26325044e+0 2.63001882e+0
887 1.32996274e+0 2.67135016e+0
887.5 1.40159332e+0 2.71271883e+0
888 1.47855256e+0 2.75387724e+0
888.5 1.56127924e+0 2.79452039e+0
889 1.65023921e+0 2.83427499e+0
889.5 1.74592238e+0 2.87268680e+0
890 1.84883769e+0 2.90920608e+0
890.5 1.95950507e+0 2.94317123e+0
891 2.07844368e+0 2.97379047e+0
891.5 2.20615512e+0 3.00012208e+0
892 2.34310031e+0 3.02105368e+0
892.5 2.48966853e+0 3.03528168e+0
893 2.64613686e+0 3.04129263e+0
893.5 2.81261835e+0 3.03734906e+0
894 2.98899775e+0 3.02148355e+0
894.5 3.17485413e+0 2.99150599e+0
895 3.36937125e+0 2.94503047e+0
895.5 3.57123918e+0 2.87952927e+0
896 3.77855339e+0 2.79242211e+0
896.5 3.98872290e+0 2.68120804e+0
897 4.19840331e+0 2.54364433e+0
897.5 4.40347603e+0 2.37797118e+0
898 4.59909775e+0 2.18317117e+0
898.5 4.77984270e+0 1.95924066e+0
899 4.93995256e+0 1.70743638e+0
899.5 5.07369269e+0 1.43045032e+0
900 5.17579040e+0 1.13246324e+0
900.5 5.24190546e+0 8.19037355e-1
901 5.26906329e+0 4.96833187e-1
901.5 5.25597513e+0 1.73170278e-1
902 5.20318367e+0 -1.44512233e-1
902.5 5.11300428e+0 -4.49214241e-1
903 4.98927376e+0 -7.34866418e-1
903.5 4.83695604e+0 -9.96686016e-1
904 4.66167701e+0 -1.23136037e+0
904.5 4.46926307e+0 -1.43705861e+0
905 4.26534342e+0 -1.61330223e+0
905.5 4.05505182e+0 -1.76074145e+0
906 3.84283849e+0 -1.88088739e+0
906.5 3.63238340e+0 -1.97584181e+0
907 3.42659067e+0 -2.04805383e+0
907.5 3.22763954e+0 -2.10011944e+0
908 3.03706923e+0 -2.13462895e+0
908.5 2.85587890e+0 -2.15405983e+0
909 2.68462937e+0 -2.16070867e+0
909.5 2.52353807e+0 -2.15665383e+0
910 2.37256266e+0 -2.14374117e+0
910.5 2.23147152e+0 -2.12358544e+0
911 2.09990119e+0 -2.09758200e+0
911.5 1.97740175e+0 -2.06692444e+0
912 1.86347180e+0 -2.03262503e+0
912.5 1.75758483e+0 -1.99553596e+0
913 1.65920845e+0 -1.95636992e+0
913.5 1.56781809e+0 -1.91571942e+0
914 1.48290642e+0 -1.87407418e+0
914.5 1.40398942e+0 -1.83183670e+0
915 1.33061011e+0 -1.78933580e+0
915.5 1.26234040e+0 -1.74683842e+0
916 1.19878169e+0 -1.70455965e+0
916.5 1.13956457e+0 -1.66267132e+0
917 1.08434790e+0 -1.62130931e+0
917.5 1.03281756e+0 -1.58057962e+0
918 9.84684811e-1 -1.54056358e+0
918.5 9.39684747e-1 -1.50132213e+0
919 8.97574524e-1 -1.46289945e+0
919.5 8.58131702e-1 -1.42532597e+0
920 8.21152616e-1 -1.38862090e+0
920.5 7.86450822e-1 -1.35279431e+0
921 7.53855636e-1 -1.31784887e+0
921.5 7.23210773e-1 -1.28378128e+0
922 6.94373083e-1 -1.25058353e+0
922.5 6.67211392e-1 -1.21824381e+0
923 6.41605434e-1 -1.18674738e+0
923.5 6.17444879e-1 -1.15607727e+0
924 5.94628441e-1 -1.12621477e+0
924.5 5.73063073e-1 -1.09713995e+0
925 5.52663228e-1 -1.06883202e+0
925.5 5.33350195e-1 -1.04126963e+0
926 5.15051494e-1 -1.01443114e+0
926.5 4.97700323e-1 -9.88294788e-1
927 4.81235064e-1 -9.62838900e-1
927.5 4.65598832e-1 -9.38041992e-1
928 4.50739063e-1 -9.13882879e-1
928.5 4.36607148e-1 -8.90340764e-1
929 4.23158090e-1 -8.67395293e-1
929.5 4.10350207e-1 -8.45026604e-1
930 3.98144849e-1 -8.23215366e-1
930.5 3.86506148e-1 -8.01942795e-1
931 3.75400791e-1 -7.81190679e-1
931.5 3.64797811e-1 -7.60941378e-1
932 3.54668395e-1 -7.41177831e-1
932.5 3.44985717e-1 -7.21883553e-1
933 3.35724778e-1 -7.03042631e-1
933.5 3.26862263e-1 -6.84639712e-1
934 3.18376411e-1 -6.66659998e-1
934.5 3.10246893e-1 -6.49089225e-1
935 3.02454708e-1 -6.31913659e-1
935.5 2.94982078e-1 -6.15120072e-1
936 2.87812361e-1 -5.98695735e-1
936.5 2.80929962e-1 -5.82628394e-1
937 2.74320263e-1 -5.66906260e-1
937.5 2.67969546e-1 -5.51517989e-1
938 2.61864932e-1 -5.36452670e-1
938.5 2.55994322e-1 -5.21699802e-1
939 2.50346338e-1 -5.07249287e-1
939.5 2.44910279e-1 -4.93091407e-1
940 2.39676070e-1 -4.79216813e-1
940.5 2.34634218e-1 -4.65616512e-1
941 2.29775777e-1 -4.52281846e-1
941.5 2.25092310e-1 -4.39204485e-1
942 2.20575854e-1 -4.26376412e-1
942.5 2.16218888e-1 -4.13789907e-1
943 2.12014308e-1 -4.01437540e-1
943.5 2.07955396e-1 -3.89312154e-1
944 2.04035800e-1 -3.77406856e-1
944.5 2.00249504e-1 -3.65715007e-1
945 1.96590815e-1 -3.54230209e-1
945.5 1.93054336e-1 -3.42946297e-1
946 1.89634954e-1 -3.31857329e-1
946.5 1.86327817e-1 -3.20957575e-1
947 1.83128322e-1 -3.10241512e-1
947.5 1.80032099e-1 -2.99703809e-1
948 1.77034996e-1 -2.89339326e-1
948.5 1.74133068e-1 -2.79143104e-1
949 1.71322565e-1 -2.69110353e-1
949.5 1.68599918e-1 -2.59236451e-1
950 1.65961734e-1 -2.49516937e-1
950.5 1.63404779e-1 -2.39947497e-1
951 1.60925974e-1 -2.30523969e-1
951.5 1.58522388e-1 -2.21242328e-1
952 1.56191221e-1 -2.12098684e-1
952.5 1.53929809e-1 -2.03089277e-1
953 1.51735606e-1 -1.94210471e-1
953.5 1.49606184e-1 -1.85458750e-1
954 1.47539224e-1 -1.76830710e-1
954.5 1.45532511e-1 -1.68323060e-1
955 1.43583929e-1 -1.59932613e-1
955.5 1.41691455e-1 -1.51656284e-1
956 1.39853153e-1 -1.43491084e-1
956.5 1.38067175e-1 -1.35434122e-1
957 1.36331748e-1 -1.27482593e-1
957.5 1.34645178e-1 -1.19633780e-1
958 1.33005841e-1 -1.11885051e-1
958.5 1.31412183e-1 -1.04233852e-1
959 1.29862713e-1 -9.66777092e-2
959.5 1.28356003e-1 -8.92142203e-2
960 1.26890685e-1 -8.18410563e-2
960.5 1.25465444e-1 -7.45559566e-2
961 1.24079020e-1 -6.73567275e-2
961.5 1.22730205e-1 -6.02412387e-2
962 1.21417838e-1 -5.32074222e-2
962.5 1.20140803e-1 -4.62532689e-2
963 1.18898030e-1 -3.93768273e-2
963.5 1.17688490e-1 -3.25762009e-2
964 1.16511195e-1 -2.58495467e-2
964.5 1.15365194e-1 -1.91950728e-2
965 1.14249574e-1 -1.26110369e-2
965.5 1.13163455e-1 -6.09574469e-3
966 1.12105992e-1 3.52452344e-4
966.5 1.11076371e-1 6.73515804e-3
967 1.10073809e-1 1.30539333e-2
967.5 1.09097553e-1 1.93102976e-2
968 1.08146876e-1 2.55057304e-2
968.5 1.07221079e-1 3.16416722e-2
969 1.06319488e-1 3.77195267e-2
969.5 1.05441456e-1 4.37406609e-2
970 1.04586355e-1 4.97064074e-2
970.5 1.03753583e-1 5.56180648e-2
971 1.02942559e-1 6.14768993e-2
971.5 1.02152722e-1 6.72841456e-2
972 1.01383532e-1 7.30410078e-2
972.5 1.00634468e-1 7.87486608e-2
973 9.99050246e-2 8.44082509e-2
973.5 9.91947181e-2 9.00208968e-2
974 9.85030793e-2 9.55876907e-2
974.5 9.78296560e-2 1.01109699e-1
975 9.71740115e-2 1.06587963e-1
975.5 9.65357240e-2 1.12023500e-1
976 9.59143865e-2 1.17417305e-1
976.5 9.53096057e-2 1.22770348e-1
977 9.47210018e-2 1.28083579e-1
977.5 9.41482078e-2 1.33357926e-1
978 9.35908692e-2 1.38594297e-1
978.5 9.30486434e-2 1.43793580e-1
979 9.25211996e-2 1.48956643e-1
979.5 9.20082177e-2 1.54084338e-1
980 9.15093886e-2 1.59177494e-1
980.5 9.10244137e-2 1.64236929e-1
981 9.05530039e-2 1.69263438e-1
981.5 9.00948801e-2 1.74257802e-1
982 8.96497725e-2 1.79220789e-1
982.5 8.92174201e-2 1.84153146e-1
983 8.87975707e-2 1.89055610e-1
983.5 8.83899804e-2 1.93928900e-1
984 8.79944136e-2 1.98773723e-1
984.5 8.76106421e-2 2.03590773e-1
985 8.72384458e-2 2.08380728e-1
985.5 8.68776117e-2 2.13144257e-1
986 8.65279338e-2 2.17882013e-1
986.5 8.61892131e-2 2.22594640e-1
987 8.58612572e-2 2.27282768e-1
987.5 8.55438803e-2 2.31947017e-1
988 8.52369025e-2 2.36587997e-1
988.5 8.49401504e-2 2.41206306e-1
989 8.46534562e-2 2.45802532e-1
989.5 8.43766578e-2 2.50377253e-1
990 8.41095986e-2 2.54931038e-1
990.5 8.38521277e-2 2.59464446e-1
991 8.36040991e-2 2.63978029e-1
991.5 8.33653718e-2 2.68472327e-1
992 8.31358100e-2 2.72947874e-1
992.5 8.29152826e-2 2.77405194e-1
993 8.27036631e-2 2.81844806e-1
993.5 8.25008295e-2 2.86267219e-1
994 8.23066644e-2 2.90672934e-1
994.5 8.21210544e-2 2.95062446e-1
995 8.19438907e-2 2.99436245e-1
995.5 8.17750682e-2 3.03794810e-1
996 8.16144860e-2 3.08138617e-1
996.5 8.14620470e-2 3.12468134e-1
997 8.13176580e-2 3.16783825e-1
997.5 8.11812294e-2 3.21086144e-1
998 8.10526752e-2 3.25375544e-1
998.5 8.09319130e-2 3.29652470e-1
999 8.08188639e-2 3.33917363e-1
999.5 8.07134523e-2 3.38170657e-1
1000 8.06156061e-2 3.42412783e-1
